{
  "start": 1782811952.1682308,
  "cycles": 192,
  "errors": 0,
  "ops": {
    "remember": 576,
    "recall": 768,
    "evolve": 192,
    "reflect": 192,
    "dream": 192,
    "maintain": 192,
    "new_modules": 192,
    "mimo": 192,
    "learn": 114
  },
  "learnings": 13,
  "status": {
    "health": "healthy",
    "nodes": 1814,
    "edges": 17488,
    "uptime": 2726.4851541519165
  }
}