{
  "start": 1782815446.6487875,
  "cycles": 171,
  "errors": 0,
  "ops": {
    "remember": 513,
    "recall": 684,
    "evolve": 171,
    "reflect": 171,
    "dream": 171,
    "maintain": 171,
    "new_modules": 171,
    "mimo": 171,
    "learn": 102
  },
  "learnings": 15,
  "status": {
    "health": "healthy",
    "nodes": 1854,
    "edges": 17811,
    "uptime": 1907.2122027873993
  }
}