{
  "start": 1783899518.8062108,
  "cycles": 382,
  "errors": 0,
  "ops": {
    "remember": 1146,
    "recall": 1528,
    "evolve": 382,
    "reflect": 382,
    "dream": 382,
    "maintain": 382,
    "new_modules": 382,
    "mimo": 382,
    "learn": 228
  },
  "learnings": 422,
  "status": {
    "health": "healthy",
    "nodes": 1832,
    "edges": 12938,
    "uptime": 29905.848103523254
  }
}